<?xml version="1.0" encoding="utf-8"?>
<openerp>
  <data noupdate="1">

    <!-- Sequences for Inbound Letter -->

    <record id="seq_type_letter_in" model="ir.sequence.type">
      <field name="name">Inbound Letter</field>
      <field name="code">in.letter</field>
    </record>

    <record id="seq_in_letter" model="ir.sequence">
      <field name="name">Inbound Letter</field>
      <field name="code">in.letter</field>
      <field name="prefix">IN/%(year)s/%(month)s/%(day)s/</field>
      <field name="padding">3</field>
    </record>

    <!-- Sequences for Outbound Letter -->

    <record id="seq_type_letter_out" model="ir.sequence.type">
      <field name="name">Outbound Letter</field>
      <field name="code">out.letter</field>
    </record>

    <record id="seq_out_letter" model="ir.sequence">
      <field name="name">Outbound Letter</field>
      <field name="code">out.letter</field>
      <field name="prefix">OUT/%(year)s/%(month)s/%(day)s/</field>
      <field name="padding">3</field>
    </record>

  </data>
</openerp>
